data_atualizacao,titulo,conteudo,sentimento
03/09/2017,Petrobras prorroga acordo coletivo de trabalho até novembroAcordo valerá até início da reforma trabalhista que flexibiliza os horários de trabalho e algumas restrições reduzindo os custos para as empresas.,A Petrobras vai prorrogar o atual acordo coletivo de trabalho com os sindicatos até novembro quando a informou a estatal neste domingo (3).Para que a negociação ocorra com tranquilidade e em respeito aos empregados e às entidades sindicais a Petrobras prorrogará o acordo coletivo de trabalho vigente até o dia 10 de novembro véspera da data em que entra em vigor a nova legislação trabalhista informou a empresa por email.A reforma trabalhista aprovada em junho flexibiliza os horários de trabalho e algumas restrições reduzindo os custos trabalhistas para as empresas.A reforma enfrentou dura oposição de sindicatos pois reduz o poder dessas entidades e elimina a obrigatoriedade do imposto sindical ao mesmo tempo que prevê a prevalência do acordo entre empregados e empregadores sobre a legislação.,0
03/09/2017,Petrobras assina acordo com banco de desenvolvimento chinêsAcordo deve permitir à estatal buscar opções de financiamento na China.,A Petrobras informou neste domingo (3) que assinou em Pequim um memorando de entendimento com o Banco de Desenvolvimento Chinês com possibilidade de diversas cooperações futuras. O acordo deve permitir à estatal encontrar opções de financiamento na China.O memorando chamado de acordo de cooperação estratégica abrangente foi assinado durante a visita do presidente Michel Temer à China.Segundo o jornal Valor Econômico o acordo permitirá usar a segunda metade de um crédito de US$ 10 bilhões aberta no ano passado pelo banco com lastro nas exportações de petróleo brasileiras para a China.A cooperação com o banco chinês irá cobrir o financiamento e o leasing de plataformas de petróleo e outros equipamentos necessários para exploração e produção e investimentos conjuntos nas áreas de exploração e refino diz o jornal.Em dezembro a empresa tomou um empréstimo inicial de US$ 5 bilhões por 10 anos que pode ser pago em dinheiro ou em Petróleo a pedido da China.A Petrobras é hoje a empresa petrolífera com maior débito no mundo e foi forçada a vender ativos e cortar custos enquanto tenta se recuperar da queda dos preços do petróleo um enorme processo de fixação de preços e o escândalo de corrupção revelado pela operação Lava Jato.,1
04/09/2017,Petrobras faz novo reajuste e gasolina já sobe mais de 10% em setembroFuração Harvey que afetou produção de petróleo nos EUA é um dos motivos para a alta de preços; valor médio cobrado do consumidor final atingiu R$ 3778 na semana passada recorde do ano.,A Petrobras anunciou nesta segunda-feira (4) uma nova elevação nos preços da gasolina em suas refinarias que passam a acumular alta de mais de 10% em poucos dias de setembro. O aumento acontece após o furacão Harvey fechar refinarias nos Estados Unidos e levar a uma disparada nos valores de referência do combustível na semana passada.A estatal disse em comunicado que o novo reajuste foi decidido por seu Grupo Executivo de Mercado e Preços (GEMP) convocado quando há necessidade de reajustar os combustíveis em mais de 7% para cima ou para baixo em um único mês.Nesta segunda a Petrobras anunciou alta de 33% na gasolina a partir de terça-feira (5). Na semana passada a companhia já havia anunciado reajustes de 42% e 27% para a gasolina.No diesel o reajuste anunciado nesta segunda-feira foi marginal de 01%. Antes o combustível havia subido 08% e 44%.Dados divulgados pela Agência Nacional de Petróleo (ANP) mostram que o preço médio da gasolina para o consumidorna semana passada - de R$ 3778 por litro.O furacão Harvey que atingiu refinarias no Golfo do México foi uma das justificativas para a mudança de preços. Na última semana em face dos impactos do furacão Harvey na operação das refinarias oleodutos e terminais de petróleo e derivados no Golfo do México os mercados de derivados sofreram variações intensas de preços disse a Petrobras em nota sobre os reajustes desta segunda.Apesar da convocação do grupo de preços para autorizar reajustes logo no início do mês a Petrobras afirmou que a avaliação dos executivos do GEMP é de que a companhia tem conseguido praticar valores adequados às volatilidades dos mercados de derivados e do câmbio.Especialistas do mercado já apontavam que os efeitos do Harvey deviam pressionar a Petrobras a novos reajustes na gasolina devido às promessas da companhia de não praticar preços abaixo da paridade internacional.Os impactos da tempestade nos EUA no entanto começam a ser dissipados nesta semana com refinarias retomando lentamente suas atividades. Os preços de referência da gasolina nos Estados Unidos caíam cerca de 4% nesta segunda para os níveis mais baixos desde 25 de agosto quando o Harvey atingiu o continente.,0
05/09/2017,Petrobras inicia processo de venda de fatia de 90% na Transportadora Associada de GásA Petrobras tem um plano de desinvestimento que prevê levantar US$ 21 bilhões com venda de ativos em 2017 e 2018.,A Petrobras informou nesta terça-feira (5) que iniciou o processo de divulgação da oportunidade de venda (teaser) de 90% da sua participação acionária na Transportadora Associada de Gás (TAG) subsidiária integral da estatal.A TAG atua no setor de transporte de gás natural detendo atualmente autorizações de longo prazo para operar e administrar um sistema de gasodutos de cerca de 45 mil km de extensão localizados principalmente nas regiões Norte e Nordeste do Brasil.A capacidade de transporte da companhia é de 747 milhões de metros cúbicos ao dia volume que está integralmente contratado por meio de contratos de longo prazo com cláusulas de ship-or-pay.Após a divulgação da oportunidade de negócio começa o início da fase de ofertas não vinculantes dentro do nova metodologia de venda de ativos da Petrobras que buscou deixar mais transparente o processo de desinvestimento para reduzir a dívida.A Petrobras tem um plano de desinvestimento que prevê levantar US$ 21 bilhões com venda de ativos em 2017 e 2018.,1
05/09/2017,Aprovados em concurso da Petrobras serão chamados imediatamente diz gerente de RHPrimeiro concurso em dois anos oferece 954 vagas; empresa já havia anunciado que processos seletivos voltarão a ser feitos com regularidade.,Os concursos com possibilidade de ocorrer todos os anos anunciou no mês passado o diretor executivo de Assuntos Corporativos da companhia Hugo Repsold Júnior. Na segunda-feira (4) a estatal(159 imediatas e 795 para formação de cadastro de reserva).Em entrevista ao o gerente executivo de Recursos Humanos da Petrobras José Luiz Marcusso disse que as admissões dos aprovados no concurso deverão ser feitas imediatamente. Além disso segundo ele a empresa não descarta chamar mais aprovados caso haja necessidade de convocações além do número de vagas.As convocações extra só podem ocorrer dentro do prazo de validade do processo seletivo. A validade das seleções da Petrobras é de 1 ano prorrogável por igual período.O primeiro processo seletivo público aberto desde 2015 é para cargos de nível médio e superior em diversas cidades nos estados do Rio de Janeiro São Paulo Espírito Santo Rio Grande do Norte Sergipe Alagoas e Amazonas. Os salários vão de R$ 3.68163 a R$ 9.78614.Questionado sobre a razão de a estatal ter lançado a seleção após dois anos sem concursos Marcusso informou que as contratações ocorrem quando há demanda de pessoal vinculada ao seu planejamento estratégico.As últimas admissões de aprovados em concursos públicos ocorreram até 22 de setembro de 2016. Levantamento domostra que a companhia preencheu todas as vagas abertas nos concursos realizados nos últimos anos. Em alguns inclusive a estatal chamou aprovados além do número de vagas anunciado no edital.Veja abaixo quantas vagas foram abertas ano a ano pela empresa desde 2007. O levantamento dofoi feito com base nas informações no site da estatal.Historicamente a mão de obra que entra por concurso na empresa costuma ser absorvida em quatro grandes áreas: exploração e produção que contempla as operações das plataformas e nos campos de petróleo; área de refinaria; área de engenharia (construções e obras em geral) e de gás e energia.As vagas abertas no concurso deste ano atenderão à demanda por pessoal das novas unidades de produção no pré-sal da Bacia de Santos e vão complementar um processo de mobilidade interna já em curso.“Neste momento após as adequações feitas no quadro de pessoal da Petrobras foi identificada pelas áreas da companhia a necessidade de ingresso de profissionais em carreiras e locais específicos visando a continuidade operacional a gestão do conhecimento bem como a oxigenação do efetivo” disse.O número atual de empregados próprios da Petrobras é de 47.670 segundo dado de junho de 2017. De acordo com Marcusso não há uma projeção de quantos funcionários a estatal poderia ter em 5 ou 10 anos levando em conta o desempenho dos negócios e a volta dos processos seletivos.No último balanço divulgado em agosto queda de 15% em relação a 2016 mas foi o terceiro trimestre seguido de ganhos. A empresa divulgou ainda queda no endividamento tanto em relação ao 1º trimestre quanto o mesmo período de 2016.Os Programas de Inventivo à Demissão Voluntária lançados em 2014 e 2016 já desligaram mais de 16 mil empregados e ainda há uma previsão de cerca de 300 desligamentos em diversas carreiras segundo Marcusso.Ele ressalta que as vagas abertas no processo seletivo não são para repor as oportunidades referentes aos desligamentos mas para atender à demanda por pessoal das novas unidades de produção no pré-sal da Bacia de Santos.De acordo com Hugo Repsold Júnior os programas tiveram o objetivo de “adequar a força de trabalho da Petrobras aos desafios que ela tem”. Ele afirmou que não há planos de novos programas de demissões.Repsold Júnior disse ainda no mês passado que a estatal trabalha atualmente na conclusão de um planejamento da força de trabalho.Segundo Marcusso a Petrobras desenvolveu uma metodologia baseada principalmente em níveis de produtividade das equipes por processo para quantificar a necessidade de pessoal na companhia.Atualmente o número de prestadores de serviço na Petrobras é de aproximadamente 98 mil contratados (número de junho) e não há planos para aumentar este número segundo Marcusso.O gerente executivo de RH explica que o contexto econômico mundial e do setor de óleo gás e energia reflete diretamente na estratégia da companhia. “Em linha com o Plano de Negócios e Gestão 2017-2021 e para reduzir o endividamento a Petrobras está otimizando seus gastos operacionais e readequou seu volume de investimentos. Isso acaba refletindo também na diminuição da contratação de serviços” afirma.Marcusso enfatiza que todas as admissões de empregados na companhia são realizadas por meio de processos seletivos públicos. Em relação aos terceirizados Marcusso explica que a Petrobras não contrata mão de obra e sim empresas para prestarem serviços.,0
06/09/2017,Petrobras anuncia reajuste médio de 122% no gás de cozinha a partir desta quartaSe reajuste for integralmente repassado ao consumidor empresa estima que o preço do botijão pode ser reajustado em média em 42% ou cerca de R$ 244 por unidade.,A Petrobras informou na terça-feira (5) que decidiu elevar em 122% em média o preço do botijão de gás de até 13 kg nas distribuidoras a partir desta quarta-feira (6) devido a estoques muito baixos e eventos extraordinários como os impactos do furacão Harvey na maior região exportadora mundial de gás liquefeito de petróleo nos Estados Unidos.A Petrobras destacou que o reajuste previsto foi aplicado sobre os preços praticados sem incidência de tributos. Se for integralmente repassado ao consumidor a empresa informa que “o preço do botijão de GLP P-13 pode ser reajustado em média em 42% ou cerca de R$ 244 por botijão isso se forem mantidas as margens de distribuição e de revenda e as alíquotas de tributos”.A Petrobras informou que o Grupo Executivo de Mercado e Preços (Gemp) fará uma nova avaliação do comportamento deste mercado em 21 de setembro com possibilidade de subir ou baixar de acordo com o comportamento do mercado internacional.Em outro comunicado a empresa informou reajuste de 25% nos preços das distribuidoras do GLP destinado a uso industrial e comercial também válido a partir de hoje.Em nota o Sindicato Nacional das Empresas Distribuidoras de Gás Liquefeito de Petróleo (Sindigás) informou que o reajuste oscilará entre 113% e 132% de acordo com o polo de suprimento no caso do gás de cozinha. A correção aplicada não repassa integralmente a variação de preços do mercado internacional com isso o Sindigás calcula que o preço do produto destinado a embalagens até 13 quilos ficará 1656% abaixo da paridade de importação o que inibe investimentos privados em infraestrutura no setor de abastecimento informou.Em relação ao GLP Industrial (para embalagens acima de 13 quilos) o reajuste irá oscilar entre 24% a 26% dependendo do polo de suprimento estima a entidade.Na avaliação do Sindigás o aumento do GLP para embalagens que atendem ao comércio e à indústria é preocupante pois afasta ainda mais o preço interno dos valores praticados no mercado internacional impactando justamente setores que precisam reduzir custos. Com o aumento de preços o Sindigás calcula que o valor do produto destinado a embalagens maiores que 13 quilos ficará 3994% acima da paridade de importação.Pela nova política de preços adotada pela Petrobras o preço do Gás Liquefeito de Petróleo (GLP) será revisado todos os meses.Segundo a estatal o preço final às distribuidoras será formado pela média mensal dos preços do butano e do propano no mercado europeu convertida em reais pela média diária das cotações de venda do dólar mais uma margem de 5%.Em agosto a Petrobras. Em julho a Petrobras após ter aumentado o valor em.,0
12/09/2017,Petrobras inicia processo para vender ativos de fertilizantesVendas são da subsidiária integral Araucária Nitrogenados (Ansa) e da Unidade de Fertilizantes-III (UFN-III).,A Petrobras iniciou processo para a venda da subsidiária integral Araucária Nitrogenados (Ansa) e da Unidade de Fertilizantes-III (UFN-III) em iniciativa que faz parte da estratégia da companhia de sair integralmente da produção de fertilizantes prevista em seu Plano de Negócios 2017-2021.Em comunicado na segunda-feira (11) a Petrobras disse que as unidades serão vendidas em conjunto.,1
12/09/2017,Petrobras pagará R$ 128 bilhões para cobrir rombo do Petros em 18 anosDéficit do fundo de pensão é de R$ 277 bilhões; BR Distribuidora também terá de desembolsar R$ 900 milhões.,A Petrobras deverá gastar R$ 128 bilhões ao longo de 18 anos para equacionar o déficit do Petros fundo de pensão da empresa informou a estatal em comunicado nesta terça-feira (12). Apenas no primeiro ano o desembolso previsto para a empresa será de R$ 14 bilhão.O acordo ainda prevê o pagamento de R$ 900 milhões pela BR Distribuidora subsidiária da Petrobras que está no meio de um processo de oferta de ações na bolsa de valores.Ossão entidades que administram a aposentadoria complementar dos trabalhadores. O Petros é o fundo dos trabalhadores da Petrobras.Além da Petrobras os aposentados e funcionários da empresa também terão que pagar uma taxa extra para cobrir o rombo do fundo de pensão.O início da implementação do programa aprovado nesta terça-feira pelo Conselho da Fundação Petrobras de Seguridade Social (Petros) está previsto para dezembro de 2017.Segundo a Petrobras o déficit já está contemplado nas demonstrações financeiras da empresa não impactando o resultado de 2017.De acordo com o Petros o déficit teve como principais causas ajustes estruturais de natureza atuarial (como atualização do perfil das famílias e melhoria da expectativa de vida dos participantes e assistidos) acordos e provisões judiciais além de impactos da conjuntura econômica sobre os investimentos que refletiram em rentabilidade abaixo da meta atuarial como ocorreu com boa parte dos fundos de pensão.O desembolso para equacionar o déficit do fundo de pensão -que será feito paritariamente entre as patrocinadoras Petrobras BR Distribuidora e Petros e os participantes e assistidos do plano- será decrescente ao longo de 18 anos acrescentou a estatal.Após a aprovação pelo Conselho da Petros nesta terça-feira o plano de equacionamento será avaliado pelo Conselho de Administração da Petrobras e encaminhado à Secretaria de Coordenação e Governança das Empresas Estatais (Sest).Caso o Sest se manifeste favoravelmente o plano deverá ser implementado pela Petros em até 60 dias informou a petroleira.O Petros é um dos fundos de pensão que tem investimentos investigados na operação Greenfield. Na sua delação premiada o empresário Joesley Batistaem troca de investimentos dessas instituições nas empresas do grupo.O Petros foi um dos fundos que investiu na Eldorado Celulose empresa do grupo de Joesley - a companhia foi vendida no início do mês.Quando o tema foi à tona o Petros afirmou que estava investigando internamente os investimentos decididos durante a gestão dos dirigentes mencionados na delação de Joesley Batista e que a atual gestão está reforçando a governança e a transparência.,-1
13/09/2017,Funcionários da Petrobras terão que contribuir com até R$ 36 mil mensais para cobrir rombo do PetrosValor do déficit do fundo de pensão da Petrobras é de mais de R$ 27 bilhões; estatal vai contribuir com R$ 12 bilhões em 18 anos.,Os beneficiários aposentados Fundação Petrobras de Seguridade Social (Petros) e os participantes ativos terão de pagar parcelas extras de R$ 236 a R$ 36 mil mensais como parte do plano para equacionar o rombo do fundo de pensão da Petrobras. A informação foi divulgada nesta quarta-feira (13) pela assessoria de imprensa do fundo.Segundo o Petros o valor total do déficit do fundo é de R$ 277 bilhões. Na terça-feira (13) a Petrobras informou quepara equacionar o déficit do Petros. Apenas no primeiro ano o desembolso previsto para a empresa será de R$ 14 bilhão.O acordo ainda prevê o pagamento de R$ 900 milhões pela BR Distribuidora subsidiária da Petrobras que está no meio de um processo de oferta de ações na bolsa de valores. O início da implementação do programa está previsto para dezembro de 2017.Ossão entidades que administram a aposentadoria complementar dos trabalhadores. O Petros é o fundo dos trabalhadores da Petrobras.,-1
14/09/2017,Petrobras propõe reajuste salarial de 173% e corte na remuneração de hora extraData-base da categoria é 1º de setembro; o acordo coletivo vigente foi prorrogado até 10 de novembro véspera da data em que entrará em vigor a nova legislação trabalhista.,A Petrobras apresentou às entidades sindicais nesta quinta-feira (14) a proposta de reajuste salarial de 173% no Acordo Coletivo de Trabalho (ACT) 2017 de acordo com nota divulgada à imprensa. A empresa também propôs cortar pela metade a remuneração de horas extras que atualmente é um adicional de 100%.No momento em que trabalha para reduzir custos e despesas a empresa também apresentou a possibilidade de os empregados que atuam no regime administrativo flexível ou fixo optarem pela redução de cinco para quatro dias trabalhados por semana com diminuição proporcional de remuneração.Em relação à revisão na remuneração de horas extras a Petrobras está propondo remunerar as horas realizadas além da jornada diária com acréscimo de 50% conforme Constituição Federal em vez de 100% praticados atualmente pela empresa.A redução opcional de jornada de oito horas para seis horas continuará sendo oferecida aos trabalhadores do regime administrativo com horário flexível acrescentou.Segundo a Federação Única dos Petroleiros (FUP) a proposta de Acordo Coletivo apresentada pela Petrobras nesta quinta-feira reduz uma série de direitos conquistados ao longo dos últimos anos.A FUP principal federação dos trabalhadores afirmou ainda em nota que está reunida para avaliar a negociação e definir os próximos passos da campanha salarial.Durante a reunião com a empresa a FUP propôs uma nova rodada de negociação para a próxima semana o que foi aceito segundo a federação.O Acordo Coletivo de Trabalho vigente foi prorrogado até o dia 10 de novembro véspera da data em que entrará em vigor a nova legislação trabalhista observou a empresa.A data-base de 1º de setembro está mantida acrescentou a companhia.A expectativa é que as negociações do ACT 2017 estejam concluídas até 10 de novembro disse a Petrobras.De acordo com a estatal foram realizadas reuniões com a Federação Única dos Petroleiros (FUP) e com os Sindipetros Alagoas/Sergipe Litoral Paulista São José dos Campos Pará/Amazonas/Maranhão/Amapá e Rio de Janeiro.,0
18/09/2017,Petrobras busca levantar US$ 2 bilhões para substituir dívida cara Iniciativa é parte de plano da estatal de cortar US$ 85 bilhões de dívida líquida; Petrobras é umas mais petroleiras mais endividadas do mundo.,A Petrobras planeja levantar US$ 2 bilhões com a venda de títulos de sete e dez anos substituindo bônus com vencimentos próximos e mais caros. A emissão é uma tentativa de reduzir o peso de sua dívida a maior entre as principais empresas petrolíferas do mundo.Nesta segunda-feira a Petrobras informou que serão ofertados US$ 1 bilhão em títulos com vencimento em 2025 e US$ 1 bilhão em títulos com vencimento em 2028.Uma pessoa envolvida na transação disse que a Petrobras está oferecendo pagar uma taxa de juros entre 55% e 6% para o título de 2025 e um pouco acima de 6 por cento para o de 2028.Paralelamente a Petrobras propôs que os detentores de notas diferentes com vencimento entre 2019 e 2021 ofereçam sua dívida ou troquem por outras com prazos mais longos. O prazo para o swap e as recompras são até as 17 horas de Nova York (18 horas de Brasília) de 22 de setembro.A transação que segue uma melhoria significativa no perfil de risco de investimento do Brasil aponta como a Petrobras recuperou a capacidade de obter financiamento tanto localmente quanto no exterior em meio aos esforços do presidente Pedro Parente para cortar US$ 85 bilhões de dívida líquida.Foram contratos para administrar a oferta as unidades de investimento do Bank of America do Banco do Brasil do Citigroup do Credit Agricole do HSBC Holdings do JPMorgan Chase & Co e do Santander.,1
19/09/2017,Eletrobras vence Petrobras na Justiça e libera operação de termelétrica no AmazonasPetrobras se recusou a fornecer combustível para a usina apontando inadimplência da Eletrobras.,A subsidiária de geração da estatal Eletrobras no Amazonas foi autorizada na segunda-feira (18) a iniciar a operação comercial de uma grande termelétrica em Manaus mesmo após a Petrobras se recusar a fornecer combustível para a usina devido à inadimplência da empresa em outros compromissos.A Agência Nacional de Energia Elétrica (Aneel) publicou nesta terça-feira (19) despacho no Diário Oficial da União em que autoriza a Amazonas Geração e Transmissão a acionar a primeira turbina da termelétrica Mauá 3 de forma temporária no período de 19 de setembro deste ano a 31 de dezembro de 2018.Segundo uma nota técnica da agência a operação em caráter comercial será possível devido a uma decisão judicial.Anteriormente a Eletrobras já havia recorrido à Justiça também com sucesso para garantir o gás necessário ao menos à realização dos testes do empreendimento.Não havendo uma solução definitiva para o fornecimento do combustível... a Amazonas Energia GT demandou ação judicial e novamente conseguiu decisão judicial dessa vez garantindo o fornecimento do combustível suficiente para operação comercial da usina até o julgamento do mérito em definitivo afirma o documento da Aneel visto pela Reuters.Vale frisar que a decisão judicial estabelece multa diária de R$ 500 mil pelo seu descumprimento acrescenta a nota técnica.Orçada em R$ 17 bilhão a termelétrica Mauá 3 foi autorizada a iniciar testes ainda em maio mas desde então Eletrobras e Petrobras vinham negociando o fornecimento de gás para a operação comercial sem um acordo.A usina no Amazonas que somará 591 megawatts em capacidade tem como objetivo substituir a geração mais cara e poluente de termelétricas a óleo na região. A primeira máquina acionada nesta segunda-feira tem 18955 megawatts.As obras do empreendimento começaram em 2012 e a usina chegou a aparecer em uma lista de projetos da Eletrobras que tiveram perdas por corrupção.No ano passado a estatal registrou prejuízo de R$ 67 milhões com Mauá 3 por achados de uma investigação interna sobre irregularidades disparada após descobertas da Operação Lava Jato em que autoridades detectaram um enorme esquema de corrupção no Brasil entre políticos estatais e empresas privadas.Procurada a Petrobras disse que cumpre a decisão judicial e continua disponibilizando gás natural para a usina Mauá 3.Contudo a companhia está adotando medidas administrativas e judiciais em prol dos seus interesses e de seus investidores com objetivo da cobrança e recebimento dos débitos acumulados relativos ao fornecimento de gás natural para a Eletrobras e suas subsidiárias disse a empresa em nota.A Eletrobras não respondeu de imediato a um pedido de comentário.Dívidas entre subsidiárias da Eletrobras e a Petrobras ou sua controlada BR Distribuidora pelo fornecimento de combustíveis têm sido uma dor de cabeça constante para as companhias nos últimos anos.Agora a companhia tem buscado soluções para as dívidas ou ao menos um meio de evitar que elas comprometam o IPO em análise.Nesse sentido a Petrobras aprovou neste mês uma reestruturação que retirou do balanço da BR Distribuidora os recebíveis junto à Eletrobras e à própria Petrobras em troca de um aporte de R$ 63 bilhões na subsidiária.Em seu último balanço a Petrobras listou cerca de R$ 104 bilhões em contas a receber de empresas do Grupo Eletrobras.,-1
20/09/2017,Governo vai atuar junto à Petrobras para acionar térmicas de baixo custo diz ONSObjetivo é evitar o acionamento de térmicas mais caras que teriam impacto maior sobre os custos da energia.,O governo vai trabalhar para viabilizar contratos entre a Petrobras e usinas termelétricas de baixo custo que atualmente estão paradas como forma de evitar o acionamento de térmicas mais caras que teriam impacto maior sobre os custos da energia disse nesta quarta-feira o diretor-geral do Operador Nacional do Sistema Elétrico (ONS) Luiz Eduardo Barata.Segundo ele os esforços deverão se concentrar neste momento em retomar a geração nas termelétricas Araucária da paranaense Copel; Cuiabá da Âmbar elétrica da J&F controladora do grupo de alimentos JBS; e Termonorte II de um produtor independente de energia.As duas primeiras usinas utilizam gás natural como combustível enquanto a TermoNorte II funciona com óleo combustível.O governo vai atuar junto à Petrobras para viabilizar o gás para essas termelétricas...é um empenho do governo junto à Petrobras para resolver o problema principalmente porque essas são usinas mais baratas disse Barata a jornalistas nos bastidores de um evento do setor em São Paulo.No caso da usina da Âmbar o contrato com a Petrobras foi rescindido pela petroleira após executivos da J&F admitirem prática de corrupção em acordo de delação premiada com o Ministério Público Federal.Desde então a Âmbar tem tentado recuperar o suprimento com ações judiciais e com uma chamada em busca de novos fornecedores.Na terça-feira o governo realizou reunião extraordinária do Comitê de Monitoramento do Setor Elétrico (CMSE) devido a projeções pessimistas de chuvas nas hidrelétricas nos próximos meses que geram preocupação com um aumento no custo para atendimento à demanda por eletricidade.As condições climáticas estão muito ruins...precisamos conscientizar a população sobre essa condição para incentivar um consumo consciente. Não vai faltar energia mas vai ficar mais cara disse Barata.,1
20/09/2017,Petrobras pode ser credora do governo em US$ 12 bilhões por cessão onerosa diz ministroPresidente da estatal diz que quer concluir a renegociação com o governo o mais rápido possível.,O ministro de Minas e Energia Fernando Coelho Filho declarou nesta quarta-feira (20) que a Petrobras poderia ser credora de mais de US$ 12 bilhões com o governo federal ao final do processo do contrato de cessão onerosa. O presidente da empresa Pedro Parente disse que a petroleira quer concluir a renegociação o mais rápido possível.A cessão onerosa refere-se ao contrato da União e Petrobras para a exploração de 5 bilhões de barris de óleo equivalente sem licitação na época da capitalização da companhia em 2010. Contudo naquele momento a petroleira pagou à União o equivalente a US$ 425 bilhões.O contrato previa também uma renegociação anos depois para atualização de variáveis como câmbio e preços do petróleo o que poderá resultar em pagamentos para a estatal ao fim do processo.O governo federal avalia como razoável uma estimativa de US$ 12 bilhões feita pelo banco UBS sobre o total que a Petrobras teria que receber ao final do processo de renegociação com a União disse o ministro em entrevista à Bloomberg nesta quarta-feira.Eu acho que vai ser mais do que isso mas quanto mais eu não sei. Não gosto de colocar números disse o ministro referindo-se a uma estimativa do UBS.Esse valor estimado pelo UBS no entanto está distante do que a Petrobras quer receber segundo o ministro.Em Nova York o presidente da Petrobras afirmou que a companhia está aguardando o governo indicar os seus negociadores para poder começar o processo formal de negociação.De nossa parte estamos absolutamente preparados para começar e terminar essa negociação... queremos terminar o mais cedo possível. Quando será isso não depende só de nós disse o presidente da Petrobras.Paralelamente Parente disse que o oferta pública inicial de ações (IPO na sigla em inglês) da BR Distribuidora está avançando.,0
21/09/2017,Petrobras inicia mediação extrajudicial com Sete BrasilSete Brasil foi criada para ser fornecedora de sondas para a Petrobras; negócios entre empresas foram alvo de investigação da Operação Lava Jato.,A Petrobras informou nesta quinta-feira que foi iniciado o procedimento de mediação extrajudicial com a fornecedora de sondas Sete Brasil que entrou em recuperação judicial depois que fracassaram seus esforços de garantir um contrato de longo prazo com a petroleira.O projeto bilionário começou a ter problemas em 2014 quando a Petrobras e a Sete Brasil mergulharam num escândalo de corrupção investigado pela operação Lava Jato. A investigação fez o governo atrasar financiamentos e a assinatura do contrato de longo prazo.Segundo comunicado da Petrobras o mediador escolhido pelas partes é Gustavo Binenbojm. O mediador não tem poder decisório mas auxilia e estimula as partes a identificar ou desenvolver soluções consensuais para determinada controvérsia.Segundo a Petrobras o resultado da mediação estará sujeito às normas de governança corporativa e conformidade da empresa bem como à aprovação pelos seus órgãos competentes.,-1
21/09/2017,Bovespa fecha em queda com pressão de Vale e Petrobras Ibovespa caiu 053% a 75.604 pontos apesar de dados econômicos favoráveis.,O principal índice da bolsa paulista a B3 fechou em queda nesta quinta-feira (21) com a Vale e a Petrobras entre as principais pressões de baixa apesar de dados econômicos que mostraram desaceleração da inflação no Brasil e manutenção de queda de juros.O Ibovespa caiu 053% a 75.604 pontos.O movimento de ajuste veio após as altas recentes que levaram o Ibovespa a renovar máximas históricas em diversos pregões fechando na véspera aos 76 mil pontos pela primeira vez.Tem espaço para realizar ainda mas o índice não consegue cair muito porque quando cai tem muito investidor que acaba vendo como oportunidade de compra disse à Reuters o economista da Órama Investimentos Alexandre Espirito Santo.O cenário positivo que vem levando o índice permanecer perto dos maiores patamares históricos ganhou mais respaldo nesta manhã após o Relatório Trimestral de Inflação mostrar que o Banco Central passoue ao redor dos alvos perseguidos para 2019 e 2020 segundo dados do Relatório Trimestral de Inflação o que pavimenta o caminho para que continue cortando os juros e eventualmente leve a Selic a um nível inferior a 7%.Também corroborando a expectativa de manutenção dos cortes de juros estava o dado da prévia da inflação oficial do Brasil divulgado nesta manhã. O Índice Nacional de Preços ao Consumidor Amplo-15 (IPCA-15) teve alta de 011% em setembro. Em 12 meses a alta acumulada chegou a 256%.O mercado ainda digeria a banco central dos Estados Unidos que manteve a taxa de juros mas sinalizou que ainda espera mais um aumento até o fim do ano apesar das recentes leituras fracas de inflação. O banco central dos EUA informou também que vai começar a reduzir seu balanço patrimonial a partir de outubro.Vale ON recuou 199% em sessão marcada por perdas nos contratos futuros do minério de ferro na China na Bolsa de Dalian. O desempenho negativo dos papéis da mineradora influenciava as ações da holding Bradespar com perda de 274%.Eletrobras ON caiu 341% e Eletrobras PNB perdeu 363% após a agência Bloomberg publicar entrevista com o ministro de Minas e Energia Fernando Coelho indicando que a venda de distribuidoras da Eletrobras deve ficar para 2018.Petrobras PN caiu 126% e Petrobras ON perdeu 122% após as fortes altas da véspera quando os papéis PN avançaram 48% em sessão sem rumo único para os preços do petróleo no mercado internacional.Banco do Brasil ON ON subiu 219% também figurando entre as maiores altas do Ibovespa e com o melhor desempenho entre os pares no índice.Na véspera o Ibovespa fechou em 76.004 pontos. Foi a sexta vez que a bolsa brasileira bateu recorde em duas semanas.A B3 começou a bater recordes de alta no dia 11 de setembro quando fechou em. No dia seguinte bateu novo recorde quando foi a. O pregão manteve a tendência das máximas até o dia 13 quando e na sexta-feira (15) bateu novo patamar.Nesta semana o Ibovespa manteve o patamar alcançado no final da semana passada e fechou emna segunda-feira (18) ena terça. Já na quarta atingiu novo patamar e,-1
22/09/2017,Refinaria de Pasadena retomará operações até o fim da semana diz PetrobrasA refinaria havia sido fechada no início de setembro após a passagem do furacão Harvey pela Costa do Golfo dos Estados Unidos.,A Petrobras disse nesta sexta-feira que todas as unidades de produção na refinaria de Pasadena terão atividades retomadas no Estado norte-americano do Texas.Segundo a companhia a refinaria cuja capacidade é de 112.229 barris por dia está operando parcialmente desde 5 de setembro.A refinaria havia sido fechada no início de setembro após a passagem do furacão Harvey pela Costa do Golfo dos Estados Unidos.A tempestade provocou o fechamento de quase um quarto de toda a capacidade de refino dos EUA.,-1
25/09/2017,Investidores aceitam trocar US$ 62 bi em dívida da Petrobras por novos títulosDetentores de US$ 622 bilhões em títulos com vencimento entre 2019 e 2021 aceitaram trocá-los por novos títulos de sete e dez anos ajudando a companhia a reduzir custos de sua dívida.,Detentores de US$ 622 bilhões em títulos da Petrobras com vencimento entre 2019 e 2021 aceitaram trocá-los por novos títulos de sete e dez anos ajudando a companhia estatal a reduzir custos de sua dívida que está entre as maiores dentre as grandes petroleiras.Em comunicado nesta segunda-feira (25) a Petrobras disse que US$ 2285 bilhões em dívidas antigas serão trocadas por títulos a 5299% com vencimento em 2025 enquanto US$ 3935 bilhões em dívidas antigas serão convertidas em títulos a 5999% com vencimento em 2028 respectivamente.Os resultados de uma oferta subsequente para a recompra dos títulos antigos serão divulgados em 27 de setembro disse a Petrobras. O prazo final para a troca ou a recompra venceu em 22 de setembro.,1
25/09/2017,Petrobras eleva em 69% preço do gás de cozinha 2ª alta do mêsReajuste passa a valer já na terça-feira; estatal diz que a elevação reflete preços internacionais.,O Grupo Executivo de Mercado e Preços (Gemp) da Petrobras decidiu elevar em 69% em média os preços do gás liquefeito de petróleo (GLP) para uso residencial vendido em botijões de até 13 kg a partir de terça-feira (26) segundo comunicado.Este reajuste repassa a variação de preços do mercado internacional apresentada ao longo de agosto conforme política anunciada pela companhia afirmou a estatal nesta segunda-feira (25).No início de setembro citando os impactos da tempestade Harvey na principal região exportadora do produto além de uma situação da baixa oferta.A decisão desta segunda-feira aplica-se exclusivamente ao GLP de consumo residencial em botijões de 13 kg e o ajuste anunciado foi aplicado sobre os preços praticados sem incidência de tributos.Se a alta for integralmente repassada aos preços ao consumidor a companhia estima que o preço do botijão pode ser reajustado em média em 26% ou cerca de R$ 155 por botijão isso se forem mantidas as margens de distribuição e de revenda e as alíquotas de tributos.Pela nova política de preços adotada pela Petrobras o preço do Gás Liquefeito de Petróleo (GLP) será revisado todos os meses.Segundo a estatal o preço final às distribuidoras será formado pela média mensal dos preços do butano e do propano no mercado europeu convertida em reais pela média diária das cotações de venda do dólar mais uma margem de 5%.Em agosto a Petrobras. Em julho a Petrobras após ter.,0
26/09/2017,Petrobras vai participar de leilões com estratégia de recompor portfólio de exploração diz presidente No final de maio a Petrobras anunciou que exercerá direito de preferência em 3 dos 8 prospectos que serão ofertados nos dois leilões do pré-sal; 1º leilão ocorre nesta quarta-feira (27).,A Petrobras irá participar dos leilões em que o governo oferecerá áreas para exploração de petróleo e gás neste mês e em outubro disse o presidente da companhia Pedro Parente em mensagem aos funcionários da estatal vista pela Reuters.Para a nossa empresa é o momento de atuar estrategicamente e recompor nosso portfólio exploratório escreveu Parente que definiu as licitações como o início de um novo momento no setor de óleo e gás no Brasil.Um primeiro leilão na quarta-feira oferecerá áreas em regime de concessão enquanto duas licitações em 27 de outubro envolverão áreas em regime de partilha de produção na região do pré-sal brasileiro.Todas as rodadas promovidas pela Agência Nacional do Petróleo Gás Natural e Biocombustíveis (ANP) atraíram interesse de grandes petroleiras globais entre as quais as gigantes Exxon Mobil e Royal Dutch Shell entre outras.Recompor o nosso portfólio de exploração é uma das iniciativas de nosso planejamento estratégico e a Petrobras fará ofertas pelos campos que agregarem valor ao nosso conjunto já existente de ativos conforme já demonstramos ao exercer o direito de preferência nas áreas ofertadas no leilão de partilha ressaltou Parente.No final de maio a Petrobras anunciou que exercerá direito de preferência em apenas três dos oito prospectos que serão ofertados nos dois leilões do pré-sal.Na segunda rodada do pré-sal a empresa vai mirar a área unitizável adjacente ao campo de Sapinhoá um dos maiores do Brasil já em produção enquanto na terceira a estatal exercerá preferência nos prospectos exploratórios de Peroba e Alto de Cabo Frio Central.Parente disse que a Petrobras ainda tem muitos desafios financeiros e uma dívida elevada mas ressaltou que os recursos para os leilões estão assegurados em seu planejamento de investimentos.Entendemos que a oportunidade que se abre com a retomada dos leilões pelo governo é um momento importante para a nossa empresa apontou.De acordo com o executivo a Petrobras irá buscar áreas que agreguem valor à companhia considerando os ativos que já estão em sua carteira e os riscos associados a cada área.Nosso objetivo é assegurar que olhando o conjunto de todas as áreas ofertadas nesses leilões tenhamos os melhores resultados para o nosso portfólio e avancemos de forma consistente na reconstrução de nossa empresa disse.A expectativa do governo é arrecadar ao menos R$ 1 bilhão com a cobrança de bônus de outorga no leilão de quarta-feira de áreas no pós-sal e terrestres.Já os dois leilões do pré-sal de 27 de outubro podem arrecadar ao menos R$ 775 bilhões se todas áreas ofertadas forem arrematadas pelo bônus de outorga mínimo.Procurada a Petrobras confirmou a autenticidade da mensagem do presidente da companhia aos funcionários mas disse que não vai comentar o conteúdo do documento.,1
27/09/2017,Petrobras e Exxon pagam R$ 34 bilhões por blocos na franja do pré-salPedro Parente presidente da Petrobras disse que a estatal fez a oferta bilionária pelas áreas justamente porque há indícios de pré-sal nesses blocos.,Os lances bilionários oferecidos pela Petrobras e ExxonMobil no lforam para áreas que estão na chamada franja do pré-sal. Em entrevista coletiva à imprensa o presidente da Petrobras Pedro Parente disse que a estatal fez a oferta elevada justamente porque há indícios de pré-sal nesses blocos.Vocês têm que lembrar que a Petrobras é a empresa que mais detém o conjunto de informações sobre o offshore brasileiro. Portanto vocês haverão de convir que não pagaríamos o valor que pagamos se não tivéssemos informações que demonstram que isso vale” disse Parente.Questionado se estas informações apontam a existência de pré-sal nestes blocos arrematados Parente disse que é uma possibilidade porque está vizinha às áreas do pré-sal.Dosna 14ª rodada de licitações de petróleo e gás cerca de R$ 344 bilhões foram pagos pelo consórcio de Petrobras e Exxon para os seis blocos do setor SC-AP3 da Bacia de Campos.Um deles foi arrematado por R$ 12 bilhão e outro por R$ 224 bilhões - o maior bônus do leilão. As gigantes Shell e Total também participaram da disputa pelo bloco mais caro - e ofereceram valores muito menores de R$ 443 mil e R$ 252 mil respectivamente.Para Adriano Pires sócio-diretor do Centro Brasileiro de Infraestrutura (CBIE) apesar da área ser considerada muito promissora o valor do lance bilionário surpreendeu. O mais otimista falava em bônus de R$ 1 bilhão destaca.A franja do pré-sal é uma área adjacente ao pré-sal que não está no chamado polígono do pré-sal espaço dentro do mar delimitado para as reservas do pré-sal.Parente afirmou que a Petrobras pode explorar a área contratada sem restrições de profundidade “desde que siga as regras estabelecidas pela ANP e pelo Conselho Nacional de Política Energética.O ex-diretor-geral da ANP David Zylbersztajn confirma que não há limites de profundidade para a exploração na área arrematada. O bloco é a parte vertical naquela área delimitada é como se ele tivesse um terreno.Essas coisas são segredos comerciais mas a principal hipótese é que eles tenham feito alguns estudos no sentido que aquilo ali pode ser uma continuidade da formação geológica do pré-sal afirma o especialistas.Para o especialista o lance bilionário reflete o tamanho da aposta da Petrobras no potencial da área arrematada.É um lance de quem acha que esse dinheiro volta óbvio. Colocaram os R$ 2 bilhões em um bloco porque acham que vai dar retorno.A exploração do pré-sal é feita sob o regime de partilha enquanto os demais blocos de exploração de petróleo são feitos por meio de concessão. Na concessão a empresa paga um bônus ao governo pré-definida no leilão e o restante que lucrar com a exploração de petróleo fica com ela. Vence o leilão quem oferecer o maior bônus.Na partilha a empresa precisa dividir o petróleo explorado com o governo. Vence o leilão quem oferecer uma parcela maior de óleo para dividir com a União. As áreas do pré-sal são concedidas pelo regime de partilha e nos primeiros leilões existia uma obrigação de que a Petrobras deveria ter ao menos 30% de participação nos consórcios que explorassem os blocos.Para a nova rodada de licitações a regra foi revista. Agora a Petrobras não é mais obrigada a participar das licitações do pré-sal. A estatal só entra se quiser na disputa e com qualquer participação acionária no consórcio.O secretário de óleo e gás do Ministério de Minas e Energia Marcio Felix explicou que o grande interesse pelos setores da Bacia de Campos na franja do pré-sal indica que haverá um interesse maior para os blocos oferecidos no interior do polígono do pré-sal.A 14ª rodada de licitações de blocos de exploração de óleo e gás realizada nesta quarta-feira tinha apenas blocos de exploração com bacias sedimentares fora do polígono do pré-sal.As próximas rodadas que serão realizadas em outubro terão a venda de blocos de exploração do pré-sal. Apara segundo leilão do pré-sal e 11 para o terceiro. Ambos serão realizados em 27 de outubro.A Petrobras e a ExxonMobil detêm cada uma 50% do consórcio firmado para a aquisição dos blocos da Bacia de Campos. A brasileira no entanto foi estabelecida como a controladora do negócio.Segundo Parente a Petrobras não impôs como condição ser controladora deo negócio mas isso foi acordada entre as duas empresas considerando principalmente a experiência da Petrobras na exploração dentro do território brasileiro.“Não existe imposição quando se forma uma parceria” apontou.Parente enfatizou que “o regime mais comum em todo o mundo é o de parcerias”. Segundo ele entre as vantagens de se formar um consórcio neste tipo de negócio estão a divisão de recursos do vultosos volumes financeiros que precisam ser investidos além da divisão do risco da operação.Para Adriano Pires a grande notícia foi o investimento da ExxonMobil no Brasil. Nesse leilão a grande estrela não foi a Petrobras mas a volta da ExxonMobil a maior empresa de petróleo do mundo que até o dia de hoje não tinha praticamente nenhum investimento de exploração de petróleo no BrasilPara o especialista a parceria faz todo o sentido e tende a se repetir nos próximos leilões da área de pré-sal previstos para outubro.Acho que o leilão de hoje foi um aperitivo e que o do pré-sal será muito mais competitivo. As outras grandes petroleiras como Shell Repsol e BP perceberam hoje que a ExxonMobil voltou ao Brasil de verdade e para ganharem áreas no pré-sal vão ter que ser mais ousados avalia.,1
28/09/2017,Conselho da Petrobras aprova registro de IPO da BR DistribuidoraOferta pública de ações ainda depende da aprovação interna da Petrobras e da BR e do aval de órgãos reguladores.,O conselho de administração da Petrobras aprovou em reunião na quarta-feira (27) o registro de oferta pública de ações e de companhia aberta de sua subsidiária Petrobras Distribuidora (). A informação foi divulgada em comunicado à CVM (Comissão de Valores Mobiliários) nesta quinta-feira (28).No dia 11 de julho o.Segundo a estatal o negócio deve alienar entre 25% e 40% da participação acionária detida pela Petrobras na BR. A distribuidora de combustíveis deve aderir ao Novo Mercado principal segmento de governança da B3.Os órgãos internos da Petrobras e da BR e os órgãos reguladores ainda precisam aprovar a oferta pública de ações da subsidiária.De acordo com a Petrobras a aprovação pelo conselho ainda não deve ser considerada anúncio de oferta “e a realização da mesma dependerá de condições favoráveis dos mercados de capitais nacional e internacional”.Em junho o presidente da petroleira Pedro Parente disse que aNa ocasião ele afirmou a empresa observou as condições do mercado e concluiu que as condições são extremamente favoráveis para a operação.A BR Distribuidora é um dos principais ativos que está no plano de desinvestimentos da Petrobras que pretende levantar US$ 21 bilhões em 2017 e 2018. A Petrobras vem se desfazendo de ativos para reduzir o seu endividamento.Anteriormente a Petrobras pretendia vender o controle da BR Distribuidora a investidores mas o processo foi suspenso por decisão judicial.,0
